PatientID,HeartDiseaseProbability
1,0.9747375317943878
2,0.8192591135436885
3,0.9668087299984224
4,0.9587251797880137
5,0.9743552295628222
