PatientID,HeartDiseaseProbability
1,0.906165687368733
2,0.7120121817331284
3,0.9251050428112352
4,0.8961289049263624
5,0.9496314439989263
